Distance_m,Altitude_m,Interference_Level,SNR_dB
808.43,25.96,2,45.13
1500.46,118.31,2,33.89
1422.98,126.0,2,41.67
1258.59,118.26,2,47.54
76.26,132.94,0,100
1897.41,62.43,1,36.85
432.68,5.91,1,76.32
605.03,75.46,1,77.16
974.03,42.98,0,70.46
1963.95,119.12,1,35.52
1929.01,30.93,0,49.56
1785.55,62.77,0,48.32
553.92,34.4,0,86.19
1577.24,27.49,1,43.57
1884.58,128.52,0,60.66
1273.82,75.58,2,43.0
925.44,107.91,1,65.12
653.97,24.86,0,78.02
998.52,51.63,0,79.83
1060.62,52.03,2,45.61
386.13,30.66,0,91.29
707.44,28.67,1,62.13
108.45,125.93,1,92.14
626.59,112.96,1,76.59
1876.05,31.89,1,34.32
1133.7,25.78,2,43.02
230.43,55.44,2,63.73
1371.33,50.98,1,52.93
1091.1,119.74,2,52.97
436.62,32.03,1,72.41
915.06,85.07,1,69.51
1859.94,117.9,1,37.46
1210.45,132.34,2,43.83
795.43,121.83,0,85.03
823.49,139.22,1,73.85
533.74,37.66,1,75.36
644.28,65.98,2,57.19
34.99,64.51,1,89.96
905.55,142.47,1,73.54
1961.79,60.32,1,33.4
1388.66,53.37,1,44.74
369.72,99.09,1,82.38
1189.55,142.04,0,78.3
1866.91,116.11,1,36.31
693.51,51.54,0,80.52
873.23,27.21,2,45.73
225.79,83.94,0,100
89.04,56.11,2,68.48
1651.02,108.44,1,42.89
300.63,70.94,2,67.06
1504.95,86.7,2,33.71
23.62,39.07,0,99.84
482.55,123.13,1,79.83
73.41,22.57,1,81.15
755.59,45.77,1,63.56
971.24,117.17,1,70.09
589.55,22.72,2,51.06
1402.67,59.54,2,31.65
1396.22,8.88,0,60.88
1546.73,38.12,0,52.78
272.45,102.79,1,87.96
1314.58,92.83,0,73.63
686.71,130.48,1,79.29
200.67,124.36,2,73.96
977.4,22.05,2,44.79
666.08,124.77,2,63.82
1216.96,64.48,2,36.13
1355.35,23.6,2,31.82
219.43,122.95,1,90.97
1828.15,26.2,0,51.18
569.04,23.26,2,54.63
117.24,48.62,0,98.3
1891.6,118.1,0,54.7
880.35,44.28,1,62.73
1508.6,111.07,1,49.03
1421.73,53.06,1,44.76
1073.11,34.95,2,44.13
328.32,118.99,1,85.58
938.56,35.6,2,45.98
932.28,26.76,2,48.69
433.3,91.5,1,85.75
579.88,72.58,0,90.08
668.0,117.69,0,93.03
1095.14,26.13,2,35.55
910.43,77.56,1,67.37
1951.08,115.82,0,57.51
903.15,68.21,0,79.12
1804.43,77.7,0,53.67
709.03,137.8,2,60.25
1720.64,107.38,0,60.4
996.72,71.0,1,61.19
1516.32,116.62,0,66.9
743.2,112.16,1,69.76
319.82,141.02,1,90.96
326.96,75.01,0,97.41
816.62,63.06,2,46.98
1073.96,116.95,2,51.99
866.69,57.01,1,62.84
1669.68,29.23,2,25.37
750.41,25.88,0,84.97
1224.26,125.52,0,75.91
438.06,125.35,2,72.05
1319.52,69.17,1,52.29
892.69,140.99,0,86.3
1330.92,99.19,1,57.75
978.16,18.59,0,76.3
1401.76,97.72,0,65.4
1131.13,93.59,2,48.68
1902.14,118.76,2,20.73
1534.81,44.6,2,24.43
623.55,100.55,0,88.74
750.11,17.5,0,81.97
1693.16,147.58,2,35.75
1799.86,121.04,0,54.02
226.06,93.14,1,82.82
77.57,135.6,2,77.63
770.4,28.69,1,65.22
1072.85,35.58,1,59.92
1334.7,107.06,0,69.85
1646.75,124.59,0,67.67
1448.17,90.46,2,32.67
1214.04,10.55,1,50.06
1001.19,78.04,1,66.46
1090.45,127.92,2,48.93
1678.73,54.31,1,44.49
477.78,101.21,0,91.26
1670.37,83.03,0,60.69
1783.98,18.16,1,28.91
1428.32,78.99,2,40.0
1209.57,58.74,1,54.81
1266.52,36.85,0,67.64
1391.19,11.98,2,26.03
1293.31,138.56,0,78.21
1899.47,110.37,2,23.72
1462.08,59.83,1,46.65
1104.34,75.52,0,78.32
627.11,89.69,2,63.02
1456.96,63.86,1,43.5
179.01,20.03,2,69.31
534.12,56.15,0,90.67
225.05,114.3,2,75.82
475.02,134.43,1,79.9
1673.7,148.8,1,50.39
1773.65,105.15,2,27.12
692.53,117.4,0,87.78
530.14,94.07,1,83.46
1631.86,78.18,0,58.83
1834.64,77.57,0,50.25
1485.02,35.04,2,33.38
1937.53,80.48,0,45.95
350.11,56.34,1,76.01
1365.77,70.8,2,38.47
1235.54,6.01,2,36.74
700.55,7.08,2,54.68
1372.23,100.85,2,39.25
1638.45,77.93,0,62.42
1887.34,58.67,2,17.27
819.44,94.99,0,89.73
354.74,130.54,1,84.69
13.98,14.57,2,75.29
704.28,98.28,1,72.69
448.93,13.16,2,53.13
771.99,34.11,0,79.39
673.75,119.74,1,74.73
400.6,47.92,2,59.18
970.66,89.32,2,48.59
635.49,72.09,1,70.87
532.11,20.76,0,89.66
1467.88,13.25,1,42.98
391.81,43.19,0,95.96
1464.12,19.93,2,26.24
1981.45,117.22,1,40.15
1535.1,109.0,2,33.07
1690.37,111.46,2,27.62
771.52,102.72,0,82.39
583.02,22.63,2,52.87
486.09,18.43,0,90.98
1352.55,15.44,1,45.84
583.97,40.23,0,89.99
1327.0,70.7,1,54.74
980.28,86.53,2,51.99
1020.92,91.17,2,50.66
330.35,30.97,0,92.1
352.78,8.04,1,79.54
182.47,101.14,0,99.81
1058.48,143.91,1,66.12
1884.88,111.84,2,25.07
184.17,50.49,2,70.84
1683.43,102.49,2,32.05
128.92,108.88,2,74.01
1359.26,10.32,2,27.18
715.48,9.06,2,48.36
452.64,65.84,0,88.51
1616.67,80.43,0,61.99
546.45,68.54,1,77.04
700.67,8.25,1,65.46
250.16,127.48,1,92.99
1299.56,148.43,1,57.53
207.78,22.43,1,82.33
303.15,136.21,2,77.76
916.13,142.62,1,72.08
1287.05,10.22,1,48.64
208.88,52.23,0,100
1394.69,19.55,0,58.2
1388.19,25.43,1,50.13
1727.97,88.16,1,41.2
1225.92,139.89,0,73.86
68.84,59.42,1,84.79
963.58,29.91,0,73.66
615.48,75.33,1,78.47
1667.48,126.38,0,62.87
257.59,116.18,1,92.38
744.98,148.47,1,77.61
1096.23,87.79,2,46.96
86.44,23.57,1,83.73
16.94,54.84,1,92.18
1409.7,51.13,1,42.85
1613.23,8.72,1,41.7
690.94,16.28,2,53.34
143.34,21.32,0,94.16
1512.13,90.7,2,37.18
321.93,56.61,2,66.4
1830.05,141.94,2,26.18
605.64,28.99,1,70.12
555.65,149.07,1,85.59
267.02,72.89,2,71.08
276.66,82.8,1,83.38
142.59,64.07,2,69.21
722.69,15.53,0,79.22
1862.24,16.4,2,18.42
1588.86,75.05,0,59.33
197.47,56.43,1,84.98
1142.07,107.12,0,72.14
100.96,33.16,1,85.34
1217.47,143.27,0,73.34
1967.15,91.46,1,35.46
1032.46,58.29,2,43.86
1301.93,99.61,2,44.86
68.75,119.03,1,94.28
1540.42,125.1,2,37.22
794.81,140.01,0,88.4
629.11,139.8,0,100
324.15,74.85,2,70.03
1413.18,107.21,2,38.95
1709.05,70.8,2,26.54
1854.65,105.16,2,22.2
1998.68,41.97,1,26.23
1173.78,144.67,1,59.87
531.81,75.48,0,87.76
755.0,44.18,2,52.55
570.39,112.8,2,60.01
1323.73,119.36,2,38.45
1949.47,42.18,2,10.74
1304.92,10.01,1,49.19
536.47,7.8,2,57.81
1783.01,103.1,0,58.97
973.8,107.11,0,81.11
1879.96,93.76,0,50.37
496.6,139.16,0,100
1925.76,48.69,0,48.08
110.34,58.29,2,72.52
992.89,126.17,2,49.78
1467.17,86.99,0,66.28
1984.68,42.68,0,46.62
1233.77,144.06,0,77.05
1200.65,53.25,2,37.55
153.13,137.45,0,100
1558.4,110.77,1,46.42
1785.62,69.12,2,23.18
901.5,24.9,1,62.03
1710.74,42.29,2,19.03
1840.81,64.68,2,19.4
1447.38,144.46,0,69.29
808.74,118.15,2,53.7
986.43,72.21,1,58.91
122.05,148.55,0,100
357.02,80.98,1,85.98
655.11,67.51,1,72.9
1329.04,98.99,0,66.95
1613.27,63.51,2,26.28
319.02,101.66,2,68.68
506.33,111.75,1,80.34
1949.53,57.59,1,30.3
734.59,8.05,2,51.82
357.23,132.51,0,98.87
898.21,18.5,1,60.68
1195.16,109.2,1,61.57
879.01,83.22,1,67.22
498.86,35.75,2,61.92
1188.77,26.47,0,70.28
1198.54,90.74,0,72.76
1348.21,121.6,2,40.92
1137.09,147.39,2,48.06
1710.13,132.26,2,33.31
1901.16,134.03,0,58.06
1446.79,123.87,0,70.19
1508.29,140.76,1,51.03
1485.61,27.17,1,38.71
1518.14,13.9,1,37.88
947.17,90.49,1,61.07
1356.37,119.57,1,53.3
1862.98,148.59,2,32.79
1457.17,36.29,0,64.22
751.37,146.36,2,60.04
1355.4,28.08,1,44.75
1485.56,129.63,2,41.84
250.62,68.39,2,74.15
629.87,30.55,0,81.27
1110.52,42.18,1,59.22
631.23,123.09,2,59.85
1749.19,100.14,2,24.27
1942.37,8.4,2,15.72
474.79,60.15,0,94.61
1047.86,53.54,0,72.06
1052.12,62.92,2,43.71
1219.32,23.46,1,46.64
1714.68,21.25,1,39.1
1154.96,43.15,1,49.9
1477.71,93.47,0,63.17
952.75,46.65,2,50.75
1136.03,128.74,1,65.33
1269.02,17.03,1,50.43
642.55,61.44,0,83.09
1731.61,39.74,2,18.82
680.49,147.96,1,75.57
843.42,117.65,0,82.66
458.36,58.0,1,75.64
974.32,143.33,0,83.99
1507.62,145.12,0,68.36
1270.4,116.79,0,69.45
71.47,108.34,2,78.51
44.19,76.86,2,74.38
183.89,26.13,1,85.22
395.32,32.26,0,93.75
303.18,21.32,0,94.57
967.54,42.5,1,64.26
706.73,84.58,1,71.32
1905.25,65.88,2,18.34
687.04,132.76,0,88.54
1277.03,138.58,0,76.83
210.19,133.36,2,81.65
1996.62,76.19,1,35.58
1525.82,149.41,2,41.85
261.31,13.15,0,96.99
147.1,30.01,0,97.13
1873.71,34.1,2,18.83
964.63,29.35,2,46.78
605.78,68.47,1,69.25
1061.52,73.3,0,79.21
289.08,24.68,0,89.94
324.08,122.69,2,69.21
130.02,5.51,0,93.2
1320.64,85.8,2,35.65
1975.12,105.19,0,48.05
260.96,15.06,2,59.39
98.51,118.75,0,100
228.26,141.67,0,100
1351.91,86.72,1,48.12
305.38,128.8,1,87.2
1695.64,33.96,2,24.45
1223.56,115.39,1,60.39
829.59,46.49,2,53.42
223.6,96.58,0,100
1480.28,27.66,0,61.87
1619.16,18.33,0,48.37
879.55,94.03,0,79.71
618.02,128.9,1,76.24
1011.75,18.73,1,55.45
1767.28,21.44,2,21.86
611.74,64.78,2,62.04
130.06,147.59,2,85.3
1028.5,7.86,2,37.43
290.76,19.89,0,89.85
1687.7,93.18,0,56.9
1111.57,49.1,2,39.84
1227.21,98.86,1,56.7
1171.19,105.54,0,75.39
462.98,50.08,1,78.9
552.92,31.98,2,52.65
149.31,111.41,0,100
666.06,52.02,0,90.17
883.08,99.98,0,80.56
217.31,30.14,1,77.89
588.23,117.29,2,65.54
1993.28,97.8,0,47.21
1647.55,131.49,0,65.21
450.24,84.89,1,78.43
1070.81,149.25,0,80.23
1831.27,68.98,2,18.35
1823.6,121.23,1,46.94
152.76,28.14,0,100
441.35,97.47,1,80.16
1107.56,144.25,2,52.28
1201.37,135.35,1,67.06
1058.04,39.24,0,71.39
809.18,115.9,2,55.84
1850.04,14.06,1,27.36
1057.85,81.03,1,66.09
1790.03,34.09,0,53.16
1755.71,125.48,1,45.02
368.47,84.4,0,96.68
1945.42,120.25,0,49.29
599.0,83.69,2,59.09
934.7,94.46,0,84.25
28.96,12.22,1,88.4
180.02,39.71,2,67.27
1880.94,13.53,1,28.92
654.03,20.51,1,69.49
259.37,64.17,1,78.79
719.73,90.79,0,88.35
356.47,134.58,2,70.93
27.15,78.15,2,77.37
1697.99,134.99,0,67.11
1943.1,23.12,2,12.97
1592.93,134.98,0,68.1
520.93,104.33,0,98.81
661.62,81.22,1,68.78
715.44,106.77,0,92.65
1058.73,96.59,2,43.87
1733.74,85.99,0,54.6
391.08,122.36,0,98.5
507.45,87.28,2,62.91
807.29,46.55,2,50.39
1691.47,91.83,0,60.38
233.51,144.01,1,87.43
471.08,121.28,1,87.26
1101.56,23.7,2,44.31
1348.69,42.2,1,52.98
1289.05,75.58,0,72.61
270.16,142.25,1,88.58
976.72,33.88,0,73.44
41.33,73.54,0,100
1054.22,22.0,1,55.76
325.47,78.14,2,68.7
132.87,133.09,1,97.1
1479.67,79.95,2,36.14
751.15,33.32,1,68.41
320.5,42.28,2,66.12
1674.68,15.39,0,53.07
1182.86,67.56,2,45.44
1344.78,36.04,0,67.81
1358.9,58.77,1,54.75
280.91,64.38,1,81.34
1830.94,102.52,2,27.82
1797.01,19.11,1,32.17
281.45,18.24,2,59.05
1789.26,69.28,2,23.59
535.81,149.53,0,100
215.91,108.46,2,77.75
392.41,32.11,0,88.47
419.23,115.12,1,87.26
211.88,106.24,1,91.4
1914.63,88.47,2,19.56
1793.72,149.42,0,59.84
960.17,88.4,0,84.49
1996.39,52.1,0,48.59
970.6,75.54,1,59.86
1980.6,145.74,0,55.06
729.32,18.19,1,66.66
555.14,39.7,1,73.63
977.95,49.9,1,65.24
1743.36,95.39,2,27.78
147.9,68.51,2,72.82
1344.6,43.86,2,33.32
1431.28,145.22,1,58.36
351.52,123.91,2,74.01
259.25,96.7,2,69.53
1814.81,93.26,2,24.71
1444.94,113.86,0,63.89
1734.18,64.93,1,36.92
155.08,103.62,2,80.46
544.67,28.02,0,86.49
528.41,110.16,2,62.59
1906.57,130.83,1,39.12
603.94,6.85,0,85.31
478.16,53.43,2,63.85
1571.11,123.71,0,64.77
456.54,115.79,2,69.81
1509.05,56.33,1,48.39
926.88,29.91,0,75.68
571.0,138.18,2,62.31
400.07,22.21,0,91.53
1055.97,134.47,0,81.08
724.12,71.24,2,58.12
1287.5,103.54,2,40.26
479.13,75.94,0,97.91
348.44,119.99,1,90.68
957.75,98.59,1,67.63
518.71,86.19,2,66.03
1097.07,95.53,2,43.81
1336.58,12.07,1,43.23
1554.22,77.91,2,32.9
1307.64,10.9,0,63.53
75.42,142.64,2,84.64
1675.65,116.96,1,41.47
1619.88,107.05,2,35.38
1173.49,25.7,2,34.98
1979.7,148.19,0,58.66
571.63,114.92,0,94.84
1027.81,65.0,2,44.54
1952.42,123.83,1,36.82
485.21,29.72,2,60.17
70.07,55.62,0,99.7
778.82,126.93,0,92.8
1093.06,117.05,1,68.84
661.2,97.39,2,58.34
1855.29,121.39,0,54.34
284.94,54.03,2,68.39
746.57,45.47,2,54.97
1060.07,124.24,2,47.34
428.74,107.14,1,78.43
15.08,114.86,0,100
357.35,107.4,0,100
1022.23,17.01,1,60.12
1094.95,114.38,1,59.12
1197.55,93.86,1,55.41
326.75,11.23,1,75.31
1502.38,64.94,2,32.61
945.17,149.09,2,54.91
1996.33,78.09,1,35.2
1130.17,145.2,2,51.16
731.76,90.09,1,75.72
406.05,137.83,2,70.8
367.1,51.88,2,68.3
92.48,76.99,0,100
1968.37,72.12,0,50.19
392.32,54.74,2,67.8
346.1,137.48,2,74.06
59.98,134.11,2,80.69
1119.93,53.56,1,52.16
383.38,66.67,0,90.67
894.23,41.72,2,44.55
91.95,9.62,2,64.92
219.92,69.55,0,100
1584.85,91.69,0,61.68
1393.62,14.12,0,58.8
1245.18,104.69,2,47.41
862.01,81.3,1,69.38
1543.19,19.09,1,42.88
1008.26,135.71,0,80.77
695.53,23.03,1,62.46
906.21,49.69,2,49.23
1376.68,58.43,0,65.7
1565.38,133.96,1,52.8
1119.57,53.51,2,40.73
436.87,59.32,0,95.3
1757.36,77.43,0,50.94
875.19,140.4,2,62.33
901.88,60.08,2,48.55
657.2,44.93,2,52.13
764.05,79.73,0,84.98
476.24,85.89,1,74.45
1059.92,14.28,1,55.01
1803.4,64.37,0,55.4
1881.2,148.85,0,63.05
908.41,130.51,1,72.17
1636.03,123.16,2,37.29
1378.82,117.14,1,59.69
1439.77,45.27,1,49.31
418.26,132.81,1,89.03
109.65,99.03,1,94.49
253.57,149.85,0,100
863.25,141.37,1,72.54
1601.82,78.54,2,26.09
331.94,87.3,2,73.07
1693.33,95.54,0,62.68
385.88,132.91,0,100
844.55,88.76,0,79.71
1172.88,70.33,2,45.1
691.73,85.91,1,72.44
506.74,144.36,1,86.24
66.83,53.2,0,100
1509.51,147.78,0,69.73
1753.28,95.67,1,45.12
1164.65,124.34,1,61.4
1341.54,85.26,1,50.47
326.25,122.76,2,70.12
944.93,54.39,0,79.08
1489.17,107.79,2,37.67
1814.95,68.64,2,23.38
347.08,63.96,1,80.82
365.89,120.81,0,98.96
1372.13,7.64,0,57.06
1356.92,133.06,1,61.46
471.42,76.63,0,97.94
1863.93,95.23,0,55.23
462.68,102.39,0,93.61
1190.05,44.9,2,34.74
1522.14,82.47,2,37.58
1571.04,126.44,0,63.09
1716.13,115.71,2,27.38
1787.34,70.11,1,39.27
277.08,85.82,2,72.62
1554.32,77.66,2,26.94
584.9,133.53,2,70.61
933.4,106.44,0,78.8
969.97,33.4,2,48.63
1307.41,43.21,0,67.97
1122.14,51.22,1,57.25
1735.04,90.97,2,30.15
1262.88,73.04,0,70.07
838.38,111.97,2,55.4
1896.21,98.44,1,33.73
1888.6,74.63,1,38.4
1648.46,81.48,1,38.71
1700.72,79.83,2,29.65
1504.64,115.03,0,68.43
1647.26,123.41,2,36.8
1517.66,69.49,2,26.78
1794.09,78.86,1,42.3
803.39,32.97,2,49.83
601.6,106.26,2,61.6
1390.08,64.13,0,68.19
1185.57,119.62,0,80.09
544.78,57.72,2,54.56
249.98,25.14,0,93.37
895.2,79.41,0,79.46
263.22,52.67,2,67.31
1429.82,124.35,0,73.79
635.05,107.5,0,89.94
890.04,54.03,1,63.22
1799.21,130.54,1,42.92
1654.44,88.06,1,41.27
1366.59,148.05,2,45.08
1100.97,95.54,0,77.87
1113.29,32.94,1,55.48
849.32,73.65,2,55.5
35.11,75.58,1,94.44
144.01,70.5,2,75.4
989.34,67.29,1,63.71
965.4,65.78,0,74.97
1546.54,28.65,1,43.73
1020.31,104.83,1,66.04
447.57,51.11,1,79.66
1715.24,83.29,0,54.76
1767.75,75.25,2,24.81
985.15,9.86,2,36.87
1694.72,77.89,2,22.77
1964.22,26.75,2,15.57
1164.2,52.16,1,58.65
1712.94,21.63,2,25.45
994.22,39.31,2,48.42
1893.98,132.82,2,27.61
1505.15,61.59,2,34.84
1358.28,127.34,0,68.58
1561.61,62.56,0,59.7
1143.48,26.67,2,37.67
1707.63,33.35,1,35.37
617.81,122.24,2,58.92
1170.39,70.45,2,44.69
696.64,54.08,2,50.08
427.2,109.55,2,71.78
1462.91,8.05,2,30.97
574.05,68.13,1,76.81
281.65,13.86,1,79.98
1301.47,137.37,2,43.21
1177.45,105.84,2,46.73
1760.0,77.08,2,23.0
1439.82,148.76,0,68.72
438.08,11.42,2,54.59
973.08,36.93,2,41.57
1560.78,99.17,0,61.07
1048.58,50.59,1,62.06
1430.73,11.1,0,58.78
1352.15,124.26,1,57.59
1137.65,82.31,1,54.47
607.37,77.19,2,61.99
1905.17,19.04,1,34.08
715.4,8.88,2,49.9
1315.34,23.23,2,33.36
27.46,95.66,2,76.06
39.3,20.49,0,98.66
1413.46,29.27,0,55.88
366.53,122.47,0,97.52
1179.63,51.22,0,71.45
1177.27,35.18,2,40.22
316.35,56.43,0,95.39
1274.46,147.44,1,62.16
1280.39,53.11,0,66.77
339.94,65.93,0,99.67
1940.01,77.56,2,19.4
332.1,31.55,0,96.3
560.34,96.64,0,95.29
750.68,19.11,2,53.27
1795.67,117.76,1,47.19
322.14,99.04,0,95.9
573.47,106.27,1,83.22
1663.45,136.71,2,31.99
1442.94,29.12,1,41.84
922.87,128.3,1,72.92
1486.8,40.02,0,64.35
1890.26,20.8,1,29.99
955.12,124.19,2,56.56
1191.55,78.58,0,76.46
1662.81,133.01,1,46.88
1723.44,61.25,0,50.98
657.95,8.09,1,67.28
1952.06,9.84,1,31.08
214.41,143.05,2,82.16
1611.8,147.19,1,48.05
1245.83,91.48,0,71.95
136.07,10.89,2,64.05
453.86,8.82,1,70.01
99.69,67.54,0,100
1828.99,135.96,1,40.73
51.99,138.52,0,100
1146.2,113.18,2,45.96
127.31,52.34,2,68.79
1780.03,145.68,1,46.75
428.35,60.9,2,58.64
1840.93,71.2,0,53.54
831.91,81.13,0,85.36
1443.79,81.45,2,30.32
1298.83,86.48,2,41.21
1919.86,34.66,2,16.72
887.75,53.92,0,80.59
1446.03,31.68,2,26.88
1424.57,26.56,2,29.48
1470.91,114.91,2,33.51
47.78,108.35,1,95.7
1987.61,59.68,1,29.02
1497.18,37.44,1,42.26
1652.86,24.27,0,56.12
893.21,79.54,0,78.14
634.91,145.57,0,94.21
586.83,147.74,2,69.58
319.05,108.32,1,82.46
264.11,41.99,2,62.96
362.54,12.33,0,90.59
1670.14,54.63,2,29.22
1487.42,49.81,2,31.24
1957.71,54.34,0,44.42
1156.87,129.65,0,76.41
1372.44,127.09,0,66.79
1120.33,39.09,0,66.03
1707.87,103.95,2,29.98
224.24,139.28,0,100
1605.7,64.81,0,56.62
445.55,38.72,0,87.28
194.19,15.71,2,61.42
16.99,72.86,0,100
1098.97,23.62,1,55.65
1002.72,68.88,1,64.58
1772.06,17.69,2,18.89
854.02,39.85,2,44.49
1340.7,104.83,1,52.72
784.07,9.35,2,45.98
1366.81,93.47,2,41.65
1979.61,59.77,0,46.15
81.2,115.47,2,75.04
1418.12,77.62,2,37.43
1891.35,47.89,2,16.48
1500.97,68.29,1,47.01
1421.23,136.81,2,43.85
1556.19,27.29,0,52.18
906.55,117.03,1,69.49
1304.52,110.13,0,71.85
907.27,64.41,1,59.93
1101.24,79.03,1,63.57
438.36,56.21,2,64.06
948.47,37.19,1,64.68
1932.82,135.45,0,52.59
881.64,114.19,2,51.74
386.39,80.95,0,99.03
19.05,99.58,1,92.8
759.31,145.07,2,56.86
690.52,17.84,0,76.24
1105.35,130.43,0,74.99
618.72,51.06,0,88.85
639.49,91.11,1,79.2
257.62,67.78,0,100.0
36.82,47.4,0,100
289.4,123.72,1,91.7
750.94,89.2,0,82.71
1875.84,110.46,1,41.07
977.15,19.03,1,56.59
408.25,36.29,1,75.55
1697.19,60.42,1,39.68
1834.65,87.61,0,57.13
512.05,142.21,0,97.57
1210.06,84.73,0,74.2
615.8,100.2,0,91.38
41.28,96.63,0,100
328.87,146.18,1,93.91
415.63,105.77,0,99.58
83.54,47.27,2,70.95
1952.56,103.22,2,21.13
724.39,35.14,2,53.81
1746.27,24.56,0,45.91
604.13,6.97,0,81.92
921.76,59.07,2,44.53
642.06,79.69,1,75.03
624.47,94.72,0,92.74
1006.84,12.44,2,45.14
1264.15,146.72,1,60.53
1561.65,52.15,0,61.95
1438.04,149.34,2,40.32
1281.38,22.59,0,66.06
546.4,42.63,1,75.1
704.4,147.48,1,75.88
1357.29,91.6,1,57.97
1543.68,15.58,1,39.5
1023.59,109.38,0,77.14
1708.15,39.62,0,53.09
1197.37,104.07,0,72.77
259.79,18.55,1,82.63
608.18,69.39,0,89.29
72.58,61.57,0,100
1040.23,90.41,2,46.9
163.56,142.94,0,100
394.72,114.97,0,96.52
1302.69,26.18,1,53.44
1288.17,30.57,2,30.39
1283.28,63.88,2,35.88
746.28,95.95,2,60.68
293.43,22.48,2,68.34
998.04,97.49,1,65.16
1461.99,144.81,2,36.75
157.97,21.11,0,98.76
1107.64,41.9,1,57.75
1258.73,105.66,0,70.09
1153.33,69.42,0,68.52
1062.7,113.31,0,83.26
380.9,106.16,2,71.04
1439.05,10.32,0,55.78
338.17,136.01,0,100
1893.2,60.83,0,50.09
758.28,102.96,0,84.21
1308.28,31.81,2,34.71
1960.52,20.65,0,38.62
998.49,59.14,1,62.41
1228.53,108.31,2,46.78
1845.34,141.44,2,30.24
147.81,81.53,1,83.77
1340.45,148.16,0,78.96
146.32,121.48,2,81.69
804.48,29.01,2,45.06
1422.49,85.85,1,51.42
1765.39,137.1,2,34.47
1282.31,64.18,2,40.57
1870.12,54.95,2,16.22
1177.97,117.13,0,71.53
125.59,93.2,0,100
1679.41,58.14,0,52.41
192.06,90.53,2,74.37
1449.95,132.3,1,53.24
729.19,33.78,1,65.45
357.35,61.01,0,99.61
957.49,76.44,1,61.34
401.84,55.64,2,61.24
1858.47,69.24,0,47.15
881.77,23.81,1,65.74
1956.82,23.2,1,26.96
1060.84,22.78,2,35.92
1764.73,95.93,0,56.69
778.72,108.07,0,82.63
526.02,23.42,2,56.68
1610.24,29.24,0,52.58
711.6,17.83,2,49.16
1090.28,108.8,2,47.93
1113.52,86.58,0,70.48
912.74,57.67,0,76.02
1699.15,79.55,1,43.58
1968.43,16.43,1,29.01
471.05,57.22,2,59.44
1947.08,146.71,2,24.82
946.21,127.51,0,83.24
234.87,33.84,2,67.72
1272.96,54.76,2,32.52
1300.21,10.86,0,64.2
401.0,99.42,2,65.97
181.85,77.61,2,72.13
691.92,36.82,2,53.17
1567.48,6.59,0,53.7
1372.83,68.6,1,54.6
1094.32,127.73,2,51.66
1721.63,110.17,0,60.04
984.62,53.11,2,45.69
769.91,21.08,2,53.73
1612.83,103.2,1,42.17
1576.57,118.16,1,52.53
122.03,121.59,0,100
1803.45,15.35,0,48.67
1027.61,85.23,0,77.19
1582.11,20.29,1,44.02
1120.81,74.85,0,72.17
1380.33,111.56,2,39.42
168.13,81.48,2,74.99
1110.21,60.18,0,70.34
1481.32,150.0,1,58.48
874.79,56.05,0,74.93
1494.46,53.46,2,31.05
1133.35,109.52,1,63.8
1242.05,71.0,2,42.99
551.89,67.19,0,94.41
156.35,61.67,2,70.95
1862.69,36.35,2,17.12
395.85,8.35,1,69.1
1684.2,124.05,1,46.83
896.5,25.53,2,48.4
1989.8,137.19,0,56.12
1847.46,12.07,2,13.54
843.41,124.07,2,59.78
482.9,15.78,0,91.82
1605.47,51.34,0,54.03
1393.95,112.05,0,69.57
408.35,59.71,2,67.86
732.83,121.62,0,89.97
639.87,16.63,1,72.22
1826.12,70.51,0,52.85
297.44,36.83,1,78.08
1689.64,69.05,1,45.8
1887.29,142.19,2,28.38
1494.3,19.26,1,43.05
1893.66,26.56,1,32.77
830.99,24.78,1,65.84
474.26,75.63,0,97.84
1637.38,85.6,1,48.44
420.08,65.26,0,95.86
1327.09,6.7,0,57.88
1706.46,75.32,1,38.99
1207.0,10.94,0,66.5
1133.13,51.28,1,53.17
1930.21,9.67,1,28.8
1855.84,21.46,2,12.17
618.95,147.72,2,62.3
1205.55,98.97,0,74.82
157.58,53.65,1,88.59
1527.62,68.02,1,49.89
1475.15,46.72,1,42.59
1344.87,95.7,0,66.14
873.6,24.53,0,71.64
121.65,76.24,2,78.77
1134.43,93.96,2,42.85
672.08,40.95,0,83.6
1306.13,83.86,2,40.43
1033.77,95.19,0,80.58
927.4,74.92,2,48.04
1304.75,43.03,1,46.56
806.34,69.97,2,55.17
1266.93,143.24,1,58.47
307.87,6.67,0,88.12
1646.9,55.89,1,36.44
370.95,32.18,2,66.51
560.56,26.98,0,88.62
863.73,28.83,0,76.34
503.99,13.06,0,85.04
444.39,67.3,1,78.57
1320.9,144.14,0,71.42
1018.56,63.15,2,44.68
1637.42,101.76,2,28.72
871.16,64.69,0,82.07
1855.67,23.32,0,47.84
1602.59,41.43,0,52.55
498.79,75.03,1,77.81
430.74,25.04,1,71.67
738.69,136.14,2,64.12
310.11,34.37,0,90.61
1781.27,62.38,1,36.9
1437.6,42.87,0,60.05
1323.56,51.05,1,54.33
882.83,47.81,1,61.73
650.22,86.54,1,78.56
1326.57,102.02,0,68.28
528.21,11.26,1,66.25
1575.05,140.77,2,32.49
1344.22,107.6,0,70.12
1943.26,139.19,2,28.75
274.8,36.21,1,82.25
677.58,32.08,0,79.19
46.58,139.64,2,78.18
670.42,96.24,1,77.9
922.47,27.18,0,73.99
1632.85,118.6,0,64.63
362.53,27.51,0,92.69
1700.56,22.43,2,17.14
836.39,107.99,2,54.67
102.55,140.6,2,77.81
560.36,74.71,0,93.1
1350.13,46.03,0,68.13
1253.9,68.93,2,40.04
745.61,115.87,0,91.48
1806.62,124.76,2,28.94
1455.55,134.15,1,55.31
1888.86,38.37,0,51.31
658.47,55.25,2,50.99
328.69,32.81,1,77.0
1113.04,45.4,1,58.26
773.71,147.39,0,93.43
1758.8,118.1,2,28.79
601.59,31.6,1,67.81
1587.12,88.32,2,29.95
1698.53,39.59,2,27.61
1448.78,68.25,1,52.11
456.92,14.01,0,83.76
1343.72,16.31,0,63.14
798.38,137.9,2,64.58
1922.41,110.86,0,48.51
1218.44,125.28,2,49.1
1749.46,48.96,0,50.14
120.68,138.14,2,81.32
1044.24,126.02,1,62.19
172.51,9.84,1,77.58
483.98,131.56,1,84.01
1362.88,14.84,0,61.53
1007.92,123.71,1,67.47
1160.86,56.64,2,36.16
1627.36,62.33,1,37.9
229.45,18.49,0,92.86
1386.98,117.26,2,40.11
928.37,94.96,0,78.08
1044.42,92.83,1,59.16
1121.42,56.3,2,41.95
301.26,93.17,0,100
1170.59,131.36,0,76.35
335.16,46.1,2,63.03
301.53,96.28,2,74.05
187.58,112.72,1,85.89
1673.91,94.68,1,46.31
996.3,136.26,0,79.48
263.0,55.65,0,98.87
1627.55,85.59,2,32.08
1561.32,92.0,2,31.82
1612.35,30.27,2,28.49
1168.92,83.94,0,70.62
1856.05,85.1,0,53.84
1952.71,118.66,1,36.77
269.77,66.01,1,81.0
754.23,136.46,0,95.67
1086.12,76.41,1,59.94
649.97,112.77,1,76.9
951.94,52.13,1,64.56
1779.29,127.9,0,58.19
110.92,104.46,2,81.26
166.83,70.84,1,83.7
501.36,109.87,2,70.87
1588.8,55.99,0,53.07
1107.39,65.5,0,68.36
1572.95,17.62,1,39.7
1104.04,149.32,0,83.22
81.38,52.85,0,98.94
866.37,10.81,1,64.68
885.94,82.51,0,76.8
1687.68,13.17,1,34.81
740.38,44.16,0,80.65
79.7,18.88,1,80.55
1221.23,54.92,1,52.15
1856.07,69.7,1,35.19
222.02,136.98,1,87.51
670.53,56.27,0,86.31
498.95,17.11,0,83.99
1512.53,62.3,1,48.97
1517.75,74.51,0,62.85
1232.09,23.26,1,49.49
1575.47,71.1,1,43.17
1466.09,143.23,0,71.03
692.98,137.64,0,93.71
863.86,30.59,0,77.46
14.48,17.02,1,87.87
1352.22,54.99,1,51.14
195.71,128.44,0,100
349.84,10.16,0,86.41
261.51,6.31,2,66.99
1327.57,28.21,0,63.32
827.58,139.51,0,86.98
969.07,15.56,0,71.59
974.88,127.47,2,53.02
1478.12,121.69,1,48.09
945.5,116.02,0,80.87
641.43,71.68,1,72.52
1978.6,62.02,2,16.46
1333.53,84.99,1,57.9
1414.07,19.08,1,44.76
353.55,5.36,0,94.03
1225.77,53.99,1,51.16
1106.87,40.54,0,68.61
347.71,13.27,1,72.83
1401.97,78.12,1,46.27
31.39,13.48,1,86.59
892.96,111.33,0,85.39
759.64,99.48,2,60.22
455.71,108.15,0,100
790.59,74.73,2,55.49
1162.18,131.72,1,59.56
925.44,48.93,0,74.1
215.31,75.58,0,100
1302.01,110.51,2,43.34
1621.35,33.16,1,44.16
1736.72,30.05,1,31.53
1046.47,60.28,0,74.42
1814.6,18.75,1,34.84
1337.3,23.76,0,59.51
1964.9,12.11,1,22.4
1339.46,68.56,1,51.67
1959.44,72.51,1,36.64
699.97,118.58,1,72.95
704.77,85.29,0,90.41
445.76,137.35,2,70.52
1792.79,25.19,2,21.72
955.47,43.12,1,60.31
339.82,46.83,0,90.36
237.64,98.77,1,86.04
1647.75,102.82,2,28.32
670.3,120.9,1,79.23
782.48,75.45,2,57.04
1428.93,149.28,2,45.63
1472.47,77.27,2,37.73
1150.15,52.26,0,71.43
1543.84,69.28,0,63.39
397.31,62.85,1,78.19
85.16,124.43,0,100
345.91,114.74,2,71.2
409.72,7.32,0,87.05
1597.65,78.1,0,55.31
377.3,50.7,0,95.61
761.19,51.86,0,81.05
654.88,12.62,0,78.63
898.69,130.32,0,84.57
1080.31,83.17,1,58.22
1462.81,121.96,0,70.03
1894.06,78.76,2,19.23
1215.8,60.37,1,58.67
1388.5,42.7,2,32.09
1903.74,11.62,2,12.69
382.24,88.89,2,67.17
1121.06,28.67,0,69.18
59.27,85.89,0,100
38.28,56.61,1,88.9
95.52,126.06,2,76.4
1686.65,41.3,1,38.0
859.87,106.33,0,83.4
51.6,26.47,1,90.34
1287.72,67.53,1,49.95
639.91,114.89,0,91.95
589.56,52.88,0,89.22
952.54,96.0,0,83.41
374.09,84.29,2,66.55
1193.11,59.04,2,39.84
1105.19,115.16,2,46.45
1818.41,21.5,2,19.21
1199.48,65.67,0,73.23
680.75,79.0,2,59.74
979.97,25.32,1,61.63
813.19,121.44,1,73.04
104.84,31.63,2,74.51
1018.53,94.45,0,79.5
412.5,68.16,1,77.17
1902.94,78.9,0,49.8
971.55,35.84,0,70.51
485.87,109.74,2,65.93
1135.84,129.78,1,66.97
632.49,137.81,0,94.28
1213.91,79.0,1,54.91
521.34,136.56,2,71.95
1857.96,139.31,0,59.42
1900.18,77.28,1,32.14
1221.94,123.13,0,78.55
1461.38,51.12,0,59.23
1019.23,95.02,1,64.86
130.15,139.13,2,82.25
1243.34,73.74,2,38.16
95.99,128.5,0,100
1005.63,35.68,2,41.91
212.62,106.64,1,86.96
1020.06,100.53,2,52.56
1321.97,50.18,1,47.34
1353.5,61.65,1,52.33
468.34,127.44,1,83.44
1486.42,53.91,0,57.66
922.03,132.65,1,73.4
447.79,115.84,2,69.65
354.13,127.31,1,84.74
1099.63,116.47,0,79.05
1067.02,35.73,0,74.75
1175.21,112.64,2,42.92
506.93,36.3,1,74.14
1480.32,113.03,1,53.7
1787.6,125.58,2,33.05
41.48,149.09,1,97.57
792.68,108.87,0,85.61
685.37,53.88,2,53.21
1141.85,72.12,2,43.2
1339.4,117.59,0,70.27
324.33,95.83,2,74.62
300.7,26.98,0,94.42
370.2,137.71,0,100
98.11,84.45,1,88.58
1428.65,98.08,0,65.97
357.59,101.57,0,100
462.73,71.72,2,61.22
1414.76,23.06,0,61.34
196.78,75.43,2,68.81
1849.35,113.55,1,42.66
776.37,7.84,1,59.97
662.18,60.0,0,82.39
13.64,137.37,0,100
1234.41,55.14,0,67.28
1138.78,105.75,0,71.61
339.19,88.66,0,100
797.47,98.22,1,74.02
1933.4,108.04,2,22.11
63.17,130.07,2,78.86
805.3,47.63,1,66.76
286.23,100.97,0,96.67
1625.07,29.57,1,38.55
1776.61,114.42,0,61.14
1529.93,86.34,2,32.99
725.16,57.24,1,73.66
615.05,147.44,2,62.22
1071.06,146.6,2,52.57
532.21,34.29,0,90.62
904.49,65.42,1,64.3
418.51,11.29,0,92.59
1222.17,17.46,1,53.27
1496.55,57.61,1,48.6
927.47,106.81,1,71.03
1096.16,5.43,2,39.28
922.05,7.44,2,41.53
1972.52,80.81,2,17.93
1263.2,124.94,1,56.96
1349.47,9.62,2,30.86
1491.46,101.49,0,68.98
1945.14,33.49,2,13.0
526.9,49.67,2,56.46
1108.24,65.52,0,77.27
311.49,43.06,2,69.9
181.2,133.17,0,100
290.12,52.71,0,92.43
187.33,28.59,0,93.25
104.87,55.16,2,69.54
586.8,79.96,1,75.81
1689.66,56.72,1,44.33
658.39,132.25,1,76.36
470.21,22.85,0,88.66
621.77,41.02,1,66.51
629.0,133.37,0,96.18
1133.57,131.33,1,59.52
1584.92,35.46,2,28.35
1051.43,140.34,2,55.29
1283.52,133.08,2,42.58
1686.38,56.32,2,27.91
1530.13,130.47,0,64.11
400.12,21.23,0,91.1
1095.19,117.12,2,52.93
1750.0,13.31,2,18.21
786.9,49.42,1,64.99
1699.59,43.38,1,37.44
1550.07,81.08,1,44.22
534.5,112.67,2,62.69
472.96,66.44,2,60.83
164.13,125.52,1,91.61
1830.51,103.45,1,44.85
1741.09,77.88,0,50.75
1638.43,142.68,1,47.23
1766.09,149.37,1,44.77
1388.3,72.43,1,50.53
619.1,87.48,1,74.96
15.85,124.45,0,100
1694.73,143.0,2,32.29
1434.78,34.36,0,57.39
1054.99,98.78,1,62.94
495.24,139.27,2,66.42
838.2,141.36,0,93.24
1466.54,72.24,2,31.86
580.95,15.72,1,66.82
1143.52,6.2,2,37.95
1946.06,140.55,1,44.82
1996.46,90.53,2,21.34
450.15,26.06,2,54.83
1665.51,24.61,1,37.03
853.98,41.96,1,64.11
1324.23,79.33,1,55.56
1687.56,39.2,1,34.86
1775.02,16.31,0,45.74
103.64,50.37,2,72.58
1578.12,104.44,2,34.5
483.32,93.53,0,91.38
1289.68,59.08,1,47.67
616.72,48.19,1,75.38
282.83,19.78,0,90.62
1877.33,139.5,0,54.09
1379.75,42.71,1,51.06
1647.27,87.27,2,31.51
1077.79,28.53,1,59.57
777.71,30.03,2,52.6
244.2,5.9,2,62.79
214.39,110.1,2,71.15
183.01,62.55,1,83.43
472.82,26.81,2,55.83
249.3,21.96,0,93.93
1201.98,79.26,1,55.6
1384.03,47.51,1,52.62
1394.2,46.45,2,29.04
1361.31,135.87,2,46.63
1271.59,99.63,2,40.23
811.76,140.48,2,59.34
1019.65,108.77,2,49.21
1338.51,143.5,1,56.26
529.74,116.19,2,64.96
1777.59,130.2,0,59.7
1458.58,41.1,1,44.12
1725.25,117.61,0,63.09
1052.68,93.38,0,80.67
1708.3,17.16,1,31.95
847.92,93.0,0,82.61
268.54,118.26,1,89.45
1526.03,117.23,2,33.32
1933.18,65.76,1,33.15
1430.85,56.33,1,49.69
1462.09,144.32,0,75.41
804.46,25.22,2,51.75
1547.27,124.71,1,52.78
151.61,59.55,0,99.72
1332.84,61.39,1,55.69
573.29,10.96,2,58.49
1106.45,126.95,0,78.76
261.49,141.46,1,91.02
805.07,91.88,0,83.91
1126.27,71.06,0,74.54
1961.21,71.93,0,52.26
1875.7,76.38,1,41.09
1452.83,105.21,1,51.56
516.61,89.0,2,68.24
513.81,101.46,2,63.2
243.36,149.46,2,74.72
449.5,7.31,0,89.02
676.56,59.23,0,82.38
897.65,77.12,0,79.25
114.14,102.34,0,100
1195.06,100.29,0,72.8
891.5,134.49,1,71.55
1930.97,21.38,2,11.92
1680.07,92.94,2,28.88
216.48,12.6,1,83.76
1849.94,144.65,2,33.33
447.31,81.23,1,77.75
705.66,29.65,1,63.52
85.53,130.89,2,82.38
550.95,26.14,2,53.71
953.22,130.01,0,85.56
1150.06,149.67,0,81.96
1522.32,149.19,2,38.57
1573.9,47.17,0,60.18
619.21,53.54,0,90.69
1869.82,37.72,1,29.44
1503.96,111.39,0,68.88
1272.6,57.52,0,64.52
827.39,129.48,2,60.32
315.17,115.46,1,82.34
1603.47,80.05,1,41.44
264.41,62.59,0,95.78
1731.59,101.01,1,41.97
1423.58,117.16,0,67.04
44.6,74.81,2,80.68
1946.12,56.7,0,42.9
1541.92,93.25,0,65.85
1520.88,85.89,0,59.29
1477.62,129.99,1,49.32
653.16,64.88,0,82.6
1405.14,91.86,2,34.53
1902.43,51.3,2,17.06
845.02,134.42,2,54.92
509.12,50.51,2,59.79
1193.32,82.0,1,62.14
1448.81,123.41,0,65.83
137.79,123.0,0,100
1993.86,119.88,2,20.54
1764.24,30.72,1,30.91
1575.26,85.33,1,46.95
503.61,9.65,2,59.0
1335.52,119.79,0,68.55
71.83,71.69,1,91.12
284.86,92.96,0,96.19
632.64,20.34,1,70.51
377.29,16.9,1,74.03
1040.54,76.7,1,60.81
315.83,114.37,2,75.98
1484.55,113.63,2,32.32
110.76,14.53,2,66.51
48.79,51.18,2,69.71
314.75,76.12,2,72.61
841.62,114.82,0,86.17
979.38,38.87,0,76.4
1517.57,94.03,2,35.43
1694.88,19.37,2,22.16
1810.86,90.46,0,53.65
1418.29,129.26,1,52.23
366.36,86.12,1,86.23
1728.27,36.92,1,40.65
744.87,123.3,2,59.64
1244.99,51.82,1,54.19
534.18,150.0,1,80.43
719.96,75.2,2,60.64
237.43,42.28,0,93.92
1537.36,76.04,0,62.42
947.89,86.29,0,80.65
1734.17,126.7,1,43.54
719.9,141.61,0,89.1
758.75,25.68,2,53.81
918.69,41.98,1,57.09
1102.75,59.29,1,61.17
399.83,73.5,2,69.95
471.75,83.84,1,82.53
1195.57,115.72,2,43.57
1871.81,112.7,0,52.55
1249.35,56.87,2,42.27
1237.21,118.38,0,76.58
1137.02,69.42,0,74.98
296.9,142.07,1,87.8
1719.83,75.58,1,40.29
789.45,139.37,0,89.9
1528.09,58.62,2,25.28
513.07,138.68,0,95.59
248.7,56.65,0,94.21
407.08,126.92,0,100
181.37,90.42,1,84.2
1314.39,28.0,0,59.29
1508.77,38.64,1,45.65
592.71,135.37,1,77.88
55.82,71.76,0,100
1236.04,85.94,1,58.57
1378.61,147.55,1,62.92
566.17,22.6,0,88.71
1852.14,121.4,0,57.14
1094.53,62.12,2,39.5
622.72,7.16,2,48.88
895.02,110.37,1,69.46
1132.28,103.64,1,64.51
517.95,38.37,2,53.51
799.05,62.58,1,70.25
1630.76,27.9,2,25.22
1777.31,113.81,0,61.5
1851.44,96.03,1,42.0
975.09,59.36,0,80.68
1291.15,36.3,2,32.92
703.38,72.69,0,83.75
1759.86,98.13,2,30.93
902.55,61.68,0,74.13
19.54,136.34,0,100
732.54,23.96,1,70.11
557.9,122.89,2,69.71
1380.96,22.53,1,49.23
1768.83,127.44,2,27.98
1037.21,111.84,1,68.13
774.21,29.8,0,84.39
279.31,120.46,1,83.92
699.26,133.57,1,77.52
1457.05,104.0,1,50.87
387.74,80.2,0,95.31
526.8,115.27,0,99.8
128.63,86.9,2,76.49
817.46,14.38,0,77.53
355.5,24.49,1,81.36
423.23,50.49,0,92.99
859.11,117.73,0,87.88
127.73,138.03,0,100
1776.05,90.29,2,25.96
1793.29,85.69,1,39.25
495.48,104.93,0,91.62
648.29,132.35,1,78.27
653.02,21.17,2,53.18
504.18,102.96,0,91.8
1362.23,106.14,2,41.17
568.88,83.69,0,87.53
278.51,101.36,1,85.85
260.14,46.7,0,97.68
833.33,144.77,2,55.85
1979.04,52.44,0,49.89
1902.13,47.38,2,17.83
294.89,11.98,1,78.09
1078.52,59.63,2,43.44
883.74,24.19,1,60.98
1448.86,142.17,2,44.61
456.85,43.79,2,58.55
521.92,126.47,1,85.69
1138.76,51.97,2,38.09
1594.37,130.69,2,40.16
1996.87,139.89,2,24.3
1999.14,119.87,0,52.0
1084.68,110.96,2,52.45
71.66,70.25,1,92.0
716.05,53.71,2,53.84
1851.8,30.1,1,30.83
914.57,102.7,0,82.03
207.21,71.75,0,98.74
1699.52,84.95,0,52.9
1020.23,145.46,2,55.78
964.6,23.37,1,60.4
1519.73,37.87,2,29.13
311.17,32.2,1,79.25
476.09,68.82,2,58.42
890.58,106.28,1,73.06
1907.82,57.61,1,35.6
1369.38,119.61,2,36.73
548.04,98.79,1,74.02
207.5,69.21,2,74.23
1296.83,6.95,0,60.56
391.15,69.82,2,69.49
89.34,9.29,0,100
102.94,58.37,0,100
1466.65,109.39,0,69.18
711.48,125.86,0,86.46
1172.06,132.99,2,51.56
1191.22,142.27,2,53.28
1543.1,34.45,2,29.65
547.3,131.17,1,85.08
1933.03,71.81,0,47.12
1793.04,91.63,1,37.46
1353.54,121.83,2,38.48
379.49,105.62,0,100
1979.71,46.86,2,19.84
317.21,117.83,1,91.0
96.19,138.1,2,85.39
85.06,77.02,2,77.03
537.55,101.94,1,77.23
378.6,24.65,0,90.41
1740.96,39.65,2,21.1
211.5,85.24,0,100
1840.02,118.51,1,38.64
1016.07,136.67,2,53.04
1563.4,44.28,2,25.49
729.18,87.69,2,61.74
280.05,57.82,1,85.96
445.97,33.51,2,58.76
1284.01,42.1,1,49.27
135.43,137.52,2,80.02
284.51,95.49,0,100
1808.88,140.25,2,26.14
1655.82,32.96,1,43.13
630.05,45.17,2,53.73
1077.61,74.33,1,61.71
1585.6,32.21,0,56.83
306.94,105.35,0,96.89
1106.29,24.17,0,72.31
96.32,55.67,1,83.02
313.91,111.7,2,68.41
1141.75,39.96,0,67.8
366.18,69.67,0,99.72
591.51,112.79,0,92.55
1804.63,42.23,2,17.28
742.89,37.67,0,77.71
17.04,7.55,2,72.14
1760.52,29.01,0,49.36
1326.31,64.6,1,49.86
346.61,136.44,0,100
196.29,137.09,1,87.85
161.45,97.15,1,94.46
92.53,73.02,0,100
1314.51,84.33,2,43.64
534.62,133.74,1,84.29
724.14,71.22,2,51.31
463.84,37.13,2,59.93
1199.41,55.94,2,39.35
713.64,91.68,0,85.68
1362.08,41.48,2,32.72
425.89,9.86,2,55.27
213.07,13.72,1,77.69
1253.63,138.92,2,42.79
1177.51,140.77,2,45.05
460.95,78.49,1,74.3
1143.93,145.54,1,63.98
1019.54,42.61,0,69.11
654.54,79.36,1,69.34
1489.71,23.62,1,39.52
30.29,41.71,0,100
793.02,118.42,0,91.75
1341.88,145.13,2,40.77
1635.0,6.58,1,34.83
1779.93,50.49,0,50.67
1859.66,133.96,0,54.16
288.63,17.06,0,96.12
1874.19,79.36,0,54.15
1798.18,69.37,0,55.06
216.57,145.87,2,77.44
617.27,119.82,2,62.72
168.04,10.94,1,85.93
360.62,34.65,2,61.49
950.23,96.61,1,67.73
1707.13,52.67,2,27.54
1097.17,66.63,2,43.25
1601.47,88.2,2,35.47
179.33,97.18,2,76.75
1453.63,86.55,0,60.34
1206.5,122.62,2,47.23
804.27,147.82,1,74.67
1787.14,23.64,0,50.59
1849.59,68.52,0,52.08
1281.02,68.57,0,66.66
106.96,22.09,0,100
614.16,88.79,1,75.02
1706.26,63.63,0,60.1
496.96,11.11,2,52.97
621.21,95.75,1,74.05
1606.64,32.23,0,56.49
279.0,42.15,1,78.31
1184.14,14.12,1,49.54
394.52,43.6,1,72.59
933.97,135.59,0,81.69
292.63,9.7,1,75.55
1262.45,31.69,0,69.42
322.35,128.97,1,88.79
1482.09,118.55,1,56.64
1909.63,42.17,1,31.81
1014.95,22.19,0,70.67
1071.73,42.75,1,59.49
42.76,17.04,1,86.32
1352.9,142.17,1,59.4
1298.38,103.75,2,37.93
1555.4,108.99,0,65.76
1276.51,14.06,2,37.4
781.13,61.35,2,48.18
1026.86,68.55,1,64.55
259.16,68.46,1,84.77
817.0,110.33,2,55.12
530.15,8.16,2,53.96
1544.66,147.61,0,64.0
374.93,63.02,2,67.9
386.49,29.59,1,73.93
234.33,113.3,0,100
1854.85,53.31,0,52.84
1680.48,71.44,1,39.28
305.01,125.0,2,72.65
732.54,8.33,0,82.16
401.27,50.75,2,63.24
1353.09,89.64,2,43.19
896.36,27.46,0,71.26
1368.81,136.74,2,46.4
427.0,46.4,1,75.56
1496.59,16.93,2,27.06
423.82,135.31,2,75.77
375.61,80.39,0,98.37
561.68,37.02,1,69.43
1597.56,135.02,0,63.34
1156.2,63.85,0,71.13
1200.97,103.38,2,46.37
1330.42,143.27,0,78.75
1717.55,94.1,1,44.2
779.2,128.61,1,74.58
1798.97,88.04,2,28.01
1969.76,27.36,0,45.4
611.43,72.22,2,58.34
10.12,28.69,2,68.27
1364.59,15.42,1,46.27
377.58,127.38,0,99.96
1025.6,46.71,0,72.51
1578.57,59.12,2,26.48
1689.81,7.0,0,54.24
454.8,71.11,2,62.65
1964.69,98.31,1,33.74
895.21,61.59,0,81.95
1676.76,133.85,0,58.72
1214.46,140.47,1,60.84
1393.73,142.46,2,43.33
34.82,102.38,2,80.84
576.23,36.36,1,72.6
1848.18,93.86,2,19.57
889.39,144.26,1,70.06
1466.58,81.35,0,66.89
551.46,24.24,1,72.69
500.35,106.62,1,84.8
1069.2,147.48,1,67.46
979.34,44.85,2,48.11
446.87,127.84,1,87.89
434.87,63.87,2,63.84
162.18,47.67,2,65.99
1600.1,73.5,2,31.95
1114.65,146.45,1,70.57
341.59,143.65,1,91.8
1166.99,5.86,0,70.04
58.3,79.96,1,90.39
623.09,144.55,0,91.07
334.74,62.09,2,67.32
1747.96,122.7,1,41.19
812.59,19.96,2,46.34
1633.88,19.21,2,17.99
246.47,46.68,0,92.56
1118.97,12.25,1,49.74
1021.13,84.17,0,82.19
1722.23,133.37,1,46.7
1944.15,20.8,2,14.5
1105.93,11.57,1,54.05
60.38,111.09,1,98.42
394.55,28.07,1,75.86
189.94,32.13,1,78.99
1913.97,52.9,1,28.84
703.81,58.59,2,51.56
1341.2,54.05,1,49.01
868.7,106.53,1,71.24
1156.55,46.52,2,42.16
1698.76,95.76,1,41.17
1725.33,143.73,2,33.26
830.51,112.38,2,51.61
555.02,121.51,0,95.04
1369.26,94.28,1,51.44
252.69,122.68,0,100
1205.27,58.89,1,51.15
1830.71,111.31,2,25.36
851.47,18.16,0,77.11
1106.28,36.27,1,56.77
1517.18,93.12,0,60.33
1589.9,134.53,1,50.41
437.23,81.4,1,84.69
716.84,8.09,1,65.76
1628.82,9.45,0,55.51
1521.52,33.86,1,39.38
118.6,115.79,1,96.24
1711.78,104.66,2,27.25
1957.83,60.73,1,36.02
1517.47,129.58,0,71.8
1055.32,50.13,2,42.82
1315.87,14.94,2,35.31
1767.08,24.98,0,48.26
1097.7,58.52,1,57.66
76.2,20.45,2,65.7
1586.09,51.87,2,26.33
1784.78,124.48,2,27.69
1753.08,87.72,2,31.08
1760.83,27.05,0,53.43
273.83,58.68,0,98.29
852.45,64.79,1,66.84
1165.01,116.18,1,66.22
1262.98,126.41,1,62.97
1594.93,108.04,1,43.57
247.14,137.7,1,94.25
1506.69,12.45,2,23.92
1490.46,137.49,2,35.79
1033.82,20.76,1,58.82
303.16,38.92,0,96.4
1044.44,41.51,1,53.6
1991.58,142.68,2,24.71
823.34,37.96,0,82.94
729.42,43.87,1,66.06
1338.23,53.68,1,51.64
1253.97,61.52,2,42.94
1870.25,20.53,2,17.67
1765.88,135.85,2,33.74
1308.16,19.32,2,28.51
1545.86,131.97,1,56.74
1610.89,109.9,2,27.97
1373.07,137.14,0,72.14
393.95,47.14,0,96.71
1164.94,126.38,1,62.32
1061.85,70.84,2,40.55
1670.42,25.06,2,23.08
92.41,56.92,2,73.68
328.24,63.44,0,99.82
608.57,6.88,1,68.2
43.99,62.3,1,94.66
1396.32,98.54,2,42.92
1258.61,70.33,0,65.39
1754.61,139.61,2,34.46
1447.35,73.89,1,45.2
109.11,36.86,1,88.16
297.4,134.75,1,85.1
1793.66,16.44,0,49.89
1417.54,71.37,0,65.35
1825.38,140.13,2,25.6
857.18,122.48,2,54.87
172.52,109.84,2,74.71
1592.84,69.58,0,59.28
1706.91,102.89,2,33.87
1824.42,137.15,1,43.87
954.11,126.58,0,88.47
1843.37,47.21,2,16.38
1987.19,26.31,2,15.43
606.6,30.47,0,87.2
803.57,102.49,1,67.47
1372.36,96.98,0,66.34
585.77,112.74,2,64.75
450.44,54.37,1,80.13
510.21,105.88,1,79.88
1154.44,40.05,2,40.41
681.2,130.53,1,77.07
242.74,15.96,1,76.42
754.89,75.59,1,66.34
1430.03,17.93,0,55.68
880.5,139.95,2,54.23
285.72,100.02,0,100
359.19,62.92,1,84.62
1177.11,52.93,1,59.9
1157.34,125.93,2,44.57
758.93,111.1,2,55.21
594.46,70.1,2,63.26
1398.86,9.25,0,61.96
1148.97,64.37,0,70.98
1596.87,38.24,2,30.31
42.17,81.59,2,75.08
951.74,10.24,0,67.68
1789.15,133.73,1,44.93
642.19,66.49,1,69.6
667.85,82.67,2,57.19
138.1,31.75,1,84.21
1506.59,61.32,0,64.66
107.05,60.86,0,100
1634.35,147.32,2,32.22
1769.72,32.16,1,33.17
503.12,102.53,1,75.82
688.14,22.37,2,50.75
867.25,124.28,2,58.58
1465.24,20.11,1,44.32
73.48,25.04,1,87.65
469.43,20.57,0,86.75
183.18,122.76,2,72.06
461.61,67.66,1,81.15
372.16,117.3,2,73.8
41.39,89.4,2,82.4
1315.62,123.36,0,72.62
967.37,14.96,0,73.81
1920.72,114.42,2,27.09
1208.28,47.31,1,49.71
759.77,5.14,1,57.93
1414.37,91.01,0,65.97
1362.54,28.56,2,29.41
370.05,55.73,0,92.12
513.79,31.74,0,84.67
1687.68,148.07,2,33.51
1940.97,106.87,0,55.07
1819.05,127.99,0,55.73
1370.8,139.78,0,75.45
1580.31,96.83,1,50.18
175.06,43.04,2,72.17
420.2,107.77,2,72.23
1480.21,148.29,1,59.83
208.21,34.84,2,65.56
799.63,86.01,0,88.32
1561.82,119.78,0,63.6
542.13,43.4,1,73.07
1524.35,146.95,1,53.31
1993.74,23.56,1,23.48
617.88,102.34,1,75.77
128.76,134.05,2,79.37
426.71,93.62,0,96.78
1550.27,122.92,0,62.44
180.73,110.09,2,74.45
1217.61,88.11,2,46.57
1692.83,121.62,0,62.85
671.96,83.08,2,61.71
1718.71,20.71,2,18.95
1243.14,21.82,2,30.79
565.12,68.06,1,79.03
1154.4,110.19,1,64.07
644.31,142.52,2,61.5
634.31,113.29,1,81.23
873.48,42.28,1,61.38
1425.44,59.36,0,60.61
1608.97,38.27,1,45.15
294.98,93.19,2,69.89
746.38,45.89,1,66.21
142.68,35.43,0,96.69
1187.65,7.25,1,47.38
691.61,112.49,1,73.12
711.03,75.93,0,88.33
286.89,65.61,2,63.61
206.63,65.4,2,69.83
816.23,57.12,2,52.79
1838.17,149.47,2,30.14
1122.33,10.17,1,56.54
1660.35,86.5,0,63.13
1296.55,7.01,0,57.35
1746.07,118.66,2,29.8
1052.13,111.01,1,64.21
1640.47,82.21,1,40.97
392.45,21.84,1,74.46
1296.91,52.61,2,37.3
295.73,144.03,0,100
1892.22,10.62,0,43.4
1295.34,111.42,0,75.24
360.31,79.97,1,82.84
1071.1,103.02,2,50.37
1364.75,52.81,0,68.58
1819.32,39.22,0,52.44
1853.22,74.6,2,25.07
669.36,126.19,0,95.01
785.78,140.15,2,58.98
569.37,113.02,0,94.95
1076.74,127.57,2,46.52
143.28,126.63,0,100
1437.74,28.65,1,49.49
783.91,103.51,0,89.65
1517.09,46.29,1,40.86
843.89,20.82,1,62.14
615.53,113.7,1,73.45
204.94,117.16,2,76.43
1626.2,110.03,2,35.77
71.05,133.62,0,100
1536.24,130.78,2,37.75
307.72,109.65,2,69.97
719.33,131.6,2,66.33
1770.28,109.4,2,26.69
641.05,72.46,2,56.55
214.1,54.29,0,99.52
1485.9,141.0,2,39.21
1072.05,82.74,2,43.97
16.93,92.2,0,100
1682.32,68.83,1,46.07
208.96,81.18,2,68.11
710.45,140.19,1,77.01
391.74,80.93,1,84.58
519.34,51.09,2,59.08
909.52,18.36,2,49.49
1050.08,92.48,1,63.55
754.6,71.6,1,69.62
800.99,9.09,0,73.68
1211.06,84.31,1,61.6
1887.56,99.52,1,35.85
235.96,64.54,2,70.22
700.49,56.18,1,70.64
1210.01,116.95,1,55.66
866.96,22.71,0,73.61
1038.67,121.01,2,53.78
1172.69,138.49,2,46.3
1503.92,116.89,1,48.18
971.7,40.24,1,64.4
228.18,140.03,2,79.83
1609.49,27.24,0,59.31
328.21,57.47,1,80.78
827.17,22.34,2,46.53
1372.26,128.88,0,75.14
1561.37,110.3,2,36.4
985.89,22.97,2,39.81
436.83,149.54,1,90.26
123.8,59.27,1,83.49
1359.61,50.33,2,37.91
234.65,100.98,2,74.01
825.11,9.08,2,49.45
1531.23,136.05,0,65.55
1459.57,137.16,2,44.02
932.92,99.36,2,47.82
1894.8,22.33,2,19.76
1322.07,43.75,1,47.37
430.08,113.35,1,84.14
917.12,53.87,1,64.45
926.99,43.47,0,76.04
344.49,34.13,0,90.67
1472.32,62.6,1,46.59
188.55,59.22,2,67.75
532.98,36.09,1,73.18
1556.63,59.99,1,46.62
1964.73,140.41,2,23.9
1871.92,61.16,2,18.55
1928.44,113.58,1,41.48
1231.24,49.49,1,57.13
899.18,147.44,2,52.83
95.55,82.01,1,90.49
1790.68,36.51,1,33.33
1220.99,146.17,0,77.81
543.54,11.59,0,84.2
1450.86,99.01,2,38.05
993.04,138.17,1,65.08
1530.87,106.21,0,64.59
974.6,17.38,2,39.87
222.77,107.24,1,86.08
1675.72,127.73,1,46.85
721.01,80.65,1,74.59
506.23,121.94,0,100
1344.14,50.61,0,65.73
647.63,46.3,0,80.27
937.6,115.59,0,78.72
699.92,57.0,1,66.5
1735.36,64.83,1,39.39
190.27,76.94,2,72.57
1413.63,117.44,2,44.27
1153.46,74.45,2,41.93
1255.05,136.01,1,57.06
1763.6,9.49,1,33.14
1916.27,39.04,1,35.4
844.44,122.79,1,72.21
582.69,12.57,0,83.54
681.77,100.17,2,55.47
1005.15,25.04,1,53.9
53.96,60.7,0,100
1202.38,38.83,2,38.29
732.82,140.79,2,60.21
94.55,53.96,1,88.34
716.32,130.78,0,94.82
951.08,49.12,1,61.51
191.53,145.36,2,81.76
703.05,62.75,2,56.96
526.89,43.7,0,91.67
821.61,28.79,1,68.07
240.9,82.36,1,86.88
1498.4,118.23,0,65.11
574.57,123.85,2,68.46
1461.37,24.62,0,57.04
452.87,18.58,2,55.19
623.83,102.77,1,81.41
770.54,60.47,0,80.05
1150.92,17.64,1,47.64
383.0,100.81,0,95.76
616.48,13.07,1,69.81
1904.89,78.93,1,31.68
1410.22,145.85,1,53.65
497.8,145.11,0,98.7
559.87,32.28,1,72.3
1150.96,10.92,1,50.34
944.1,88.08,2,47.01
744.88,82.23,0,83.83
1915.67,25.06,2,15.29
1401.66,116.07,0,67.8
1326.65,11.09,1,46.81
